date_week,tv,search,social,display,price_index,holiday,t,y
2023-01-02,0,16582,19875,2482,1.0036,0,0,313557
2023-01-09,0,18424,9552,3976,1.0095,0,1,320670
2023-01-16,52809,17034,9338,2415,1.0015,0,2,352355
2023-01-23,48305,13658,12775,2961,0.9825,0,3,382213
2023-01-30,50266,17364,9964,2758,0.981,0,4,413174
2023-02-06,76235,21129,14636,2070,0.9261,0,5,471012
2023-02-13,49870,23863,10714,2212,0.9907,0,6,439495
2023-02-20,0,18667,9534,4593,0.9893,0,7,396025
2023-02-27,0,18236,17329,2967,0.9998,0,8,382226
2023-03-06,0,20666,13355,3611,0.9789,0,9,386561
2023-03-13,0,22873,8801,5306,0.9699,0,10,391475
2023-03-20,0,26556,14499,3133,0.968,0,11,400908
2023-03-27,72481,23340,10763,3305,0.9758,0,12,439660
2023-04-03,54121,27457,11503,5060,1.0017,0,13,440832
2023-04-10,59285,21870,13052,4001,0.9983,0,14,443301
2023-04-17,63389,21612,12242,4001,0.9799,0,15,445451
2023-04-24,46325,20550,6409,3222,1.0033,0,16,427494
2023-05-01,67053,18842,12680,4078,0.9943,0,17,425444
2023-05-08,0,19137,14506,3597,0.9833,0,18,398690
2023-05-15,0,17178,15258,5387,0.9914,0,19,370144
2023-05-22,0,11988,13013,4183,0.9872,0,20,331464
2023-05-29,0,17739,11859,4005,0.9808,0,21,337559
2023-06-05,71734,19386,21152,5737,0.9941,0,22,370406
2023-06-12,42130,18012,11474,5983,0.9898,0,23,380296
2023-06-19,46268,22672,10325,4165,0.9958,0,24,376194
2023-06-26,64567,21375,15140,5863,0.9987,0,25,389644
2023-07-03,43246,19367,19227,2109,0.9948,0,26,409418
2023-07-10,50595,15124,16406,3967,0.9972,0,27,389123
2023-07-17,47916,20406,23117,3479,0.9957,0,28,408808
2023-07-24,0,18482,20052,5467,1.0089,0,29,370469
2023-07-31,0,16220,21596,5138,1.0173,0,30,340027
2023-08-07,0,16572,9063,3394,1.0277,0,31,316056
2023-08-14,0,14034,12407,2627,1.0218,0,32,292856
2023-08-21,0,14724,9228,3390,0.9989,0,33,306103
2023-08-28,77027,12191,13153,8622,1.0001,0,34,331053
2023-09-04,71847,14293,14797,6641,0.9721,0,35,365750
2023-09-11,51164,16223,11327,3172,0.9697,0,36,415824
2023-09-18,62181,20843,11718,8132,0.9684,0,37,428702
2023-09-25,45162,20043,32174,3978,0.9853,0,38,432053
2023-10-02,67310,20700,16995,3295,0.9945,0,39,431469
2023-10-09,75085,19308,26169,4900,0.9089,0,40,476571
2023-10-16,60741,17331,31826,5136,0.9828,0,41,448096
2023-10-23,0,16833,8840,7146,1.0109,0,42,383751
2023-10-30,0,17206,13054,5606,1.0147,0,43,369149
2023-11-06,0,20173,11018,4211,0.9908,0,44,361134
2023-11-13,0,16244,8479,7511,0.9932,0,45,339087
2023-11-20,0,20604,14419,4383,1.0119,1,46,377829
2023-11-27,0,18305,14633,5302,0.993,0,47,343584
2023-12-04,0,19001,11200,5205,0.9865,0,48,356849
2023-12-11,0,19635,15672,3982,1.0054,0,49,334695
2023-12-18,49458,18263,11394,3696,0.9991,1,50,411735
2023-12-25,75928,19386,15655,4195,0.9907,0,51,431720
2024-01-01,60010,21794,9337,5661,0.9999,0,52,430447
2024-01-08,60901,24318,11241,2437,0.995,0,53,474850
2024-01-15,50671,27602,18997,7005,0.9892,0,54,501695
2024-01-22,59108,22095,31128,4021,0.9755,0,55,487912
2024-01-29,42411,26357,18272,7812,0.9196,0,56,506872
2024-02-05,45429,25381,15426,5724,0.975,0,57,482926
2024-02-12,0,23547,21006,4175,0.9722,0,58,467458
2024-02-19,0,28492,14758,4861,0.9649,0,59,454511
2024-02-26,0,36286,13512,8198,0.9604,0,60,450234
2024-03-04,0,25391,11127,4268,0.9696,0,61,433357
2024-03-11,46770,28613,16776,4427,0.9649,0,62,454911
2024-03-18,56190,28275,10722,2738,0.9478,0,63,469009
2024-03-25,54043,23368,9543,5927,0.871,0,64,495993
2024-04-01,43967,22403,14412,6566,0.9824,0,65,452823
2024-04-08,54415,22854,7833,4855,0.9898,0,66,454230
2024-04-15,0,24888,8933,7084,1.0088,0,67,405087
2024-04-22,0,22534,10078,4664,1.0214,0,68,383553
2024-04-29,0,22331,8567,6667,1.0242,0,69,361378
2024-05-06,0,19079,19521,5452,1.0146,0,70,366905
2024-05-13,0,21140,6274,3984,1.0022,0,71,364786
2024-05-20,77125,23807,7450,7539,1.0106,0,72,397413
2024-05-27,51326,17987,12414,9679,0.9414,0,73,436841
2024-06-03,42514,17588,12641,6016,0.9985,0,74,411446
2024-06-10,47838,20051,16060,4745,1.0054,0,75,411468
2024-06-17,45098,13128,12570,7693,0.9891,0,76,394468
2024-06-24,65934,14127,10339,7962,0.9457,0,77,403075
2024-07-01,50215,14118,16211,7019,1.0421,0,78,353614
2024-07-08,54538,15365,8576,4541,1.0041,0,79,379295
2024-07-15,0,11622,13277,4446,1.0207,0,80,332088
2024-07-22,0,10134,10773,4475,1.0094,0,81,311950
2024-07-29,0,15853,13743,4315,0.959,0,82,339401
2024-08-05,0,19114,11639,2441,1.0213,0,83,339236
2024-08-12,0,21075,12977,5757,1.0121,0,84,328477
2024-08-19,0,16234,16461,7177,0.9721,0,85,334430
2024-08-26,59163,17719,11568,9939,0.9826,0,86,388949
2024-09-02,62661,16346,9865,3997,0.9886,0,87,403794
2024-09-09,77123,25698,10277,7937,1.0126,0,88,450236
2024-09-16,63590,19195,11570,8482,1.0182,0,89,427798
2024-09-23,76032,18249,23638,3599,0.9824,0,90,465562
2024-09-30,56382,21596,17002,6780,0.9956,0,91,458282
2024-10-07,0,17768,12466,3399,0.9965,0,92,413306
2024-10-14,0,20086,11478,6448,0.9916,0,93,402484
2024-10-21,0,24585,11624,8277,0.969,0,94,394892
2024-10-28,0,29384,14377,7681,0.9792,0,95,413114
2024-11-04,0,20960,12870,5510,0.9919,0,96,373409
2024-11-11,0,13829,10126,9603,0.9886,0,97,332855
2024-11-18,0,17111,15094,5568,0.9821,0,98,369806
2024-11-25,0,20716,13453,7266,0.9987,1,99,390110
2024-12-02,62650,21499,14609,12754,1.0078,0,100,417489
2024-12-09,66311,20443,8238,6427,1.0113,0,101,449916
2024-12-16,73451,45603,14299,6948,0.9965,1,102,565875
2024-12-23,48695,27683,13440,8229,0.9925,1,103,540236
2024-12-30,43113,28235,9445,6411,1.0162,0,104,470814
2025-01-06,0,35513,14988,5856,1.0404,0,105,447377
2025-01-13,0,28177,8300,4142,1.0212,0,106,423450
2025-01-20,0,19418,11222,7176,1.0218,0,107,385387
2025-01-27,0,23165,11110,5204,1.0232,0,108,386579
2025-02-03,66469,27594,16556,5044,1.0121,0,109,454723
2025-02-10,55714,22898,17081,9755,1.0044,0,110,475994
2025-02-17,73653,21996,8675,6067,0.9984,0,111,471452
2025-02-24,69002,23284,12612,6938,0.999,0,112,494900
2025-03-03,0,33202,21309,10089,0.9911,0,113,500110
2025-03-10,0,26475,9388,7986,0.9978,0,114,458069
2025-03-17,0,25608,13827,7882,0.9826,0,115,426098
2025-03-24,0,31041,9937,6847,0.9944,0,116,418315
2025-03-31,0,31422,12979,5266,1.0116,0,117,419499
2025-04-07,71907,25609,15093,9593,1.0218,0,118,443435
2025-04-14,64350,27137,13614,5572,1.0288,0,119,468287
2025-04-21,64886,19095,12395,5025,1.0401,0,120,455779
2025-04-28,45786,17789,9207,4258,1.0259,0,121,428261
2025-05-05,0,19281,15923,8452,1.0386,0,122,407792
2025-05-12,0,19283,15782,8099,1.0325,0,123,365703
2025-05-19,0,17161,14351,7482,1.0169,0,124,345495
2025-05-26,0,17595,11810,4180,0.9912,0,125,350637
2025-06-02,0,18469,9829,10408,1.002,0,126,333202
2025-06-09,0,19444,14185,6407,0.9705,0,127,351071
2025-06-16,0,14408,9383,7400,0.9781,0,128,329848
2025-06-23,71389,10928,9198,8762,0.9615,0,129,381237
2025-06-30,75301,17824,11729,4634,0.9656,0,130,411110
2025-07-07,60166,9862,14483,8615,0.9863,0,131,390987
2025-07-14,48236,12954,7686,9504,1.0105,0,132,380441
2025-07-21,68681,14015,8176,10094,1.0152,0,133,387158
2025-07-28,0,15259,14079,6440,0.9808,0,134,368220
2025-08-04,0,13555,11561,4825,1.0179,0,135,325888
2025-08-11,0,12467,11235,6912,1.004,0,136,343131
2025-08-18,69770,13536,12246,10630,1.0129,0,137,358758
2025-08-25,69624,12990,11144,5401,0.9944,0,138,401862
2025-09-01,68263,16602,11686,8032,0.992,0,139,430375
2025-09-08,66584,17948,10845,7157,0.9771,0,140,456886
2025-09-15,62123,19586,8728,6997,0.9775,0,141,462806
2025-09-22,77841,19395,9151,9014,0.9962,0,142,456177
2025-09-29,73169,18980,16329,5466,0.9874,0,143,502157
2025-10-06,51531,18697,13361,6970,0.9902,0,144,455706
2025-10-13,0,23127,9263,12460,0.9953,0,145,431408
2025-10-20,0,22079,11302,7934,0.9836,0,146,413284
2025-10-27,0,21123,15943,6369,0.9881,0,147,417760
2025-11-03,0,20825,10022,8909,0.995,0,148,391989
2025-11-10,0,23393,15236,10115,1.0041,0,149,383767
2025-11-17,0,21535,9569,7190,1.0008,0,150,385063
2025-11-24,0,19569,17130,8722,0.9987,1,151,426032
2025-12-01,52757,19526,11453,9274,1.0118,0,152,399552
2025-12-08,46860,16643,8019,9400,1.0039,0,153,416330
2025-12-15,60603,20949,13065,10556,1.0257,1,154,481829
2025-12-22,56686,21713,11287,12883,1.021,1,155,492107
