date_week,demand_shock,demand_effect,media_contribution_tv,media_contribution_search,media_contribution_social,media_contribution_display
2023-01-02,-2.276569,-20489.12,0.0,42624.91,17074.25,1236.23
2023-01-09,-1.964318,-17678.86,0.0,54275.57,15182.78,2272.19
2023-01-16,-2.13377,-19203.93,36654.33,53500.75,14235.72,1873.69
2023-01-23,-2.497574,-22478.16,54535.9,45779.33,16629.44,2000.83
2023-01-30,-2.227475,-20047.28,65943.91,52561.27,15333.21,1946.74
2023-02-06,-1.773111,-15958.0,87161.39,61713.16,18498.02,1611.61
2023-02-13,-1.305267,-11747.4,84879.59,68638.57,16699.0,1576.19
2023-02-20,-2.184551,-19660.96,53640.0,59962.75,15013.87,2625.55
2023-02-27,-1.060589,-9545.3,32822.79,57221.65,20392.83,2233.39
2023-03-06,-0.225666,-2030.99,19836.18,61657.26,19506.83,2393.38
2023-03-13,0.546533,4918.8,11311.05,66785.76,15593.75,3122.14
2023-03-20,0.337259,3035.33,6221.97,74315.88,18485.79,2467.8
2023-03-27,0.874256,7868.3,52580.67,70169.71,16727.5,2331.62
2023-04-03,1.508089,13572.8,66397.42,76427.07,16595.21,3012.05
2023-04-10,0.561661,5054.95,77526.45,67946.4,17758.64,2791.02
2023-04-17,-0.324226,-2918.03,86572.67,65630.71,17591.29,2722.82
2023-04-24,0.411766,3705.9,82565.52,63093.11,12807.62,2375.19
2023-05-01,-0.21972,-1977.48,91365.65,59128.4,15997.99,2631.56
2023-05-08,0.182574,1643.17,58269.27,58924.77,18647.38,2506.59
2023-05-15,-0.199721,-1797.49,35786.9,54763.03,20228.84,3182.26
2023-05-22,-0.13906,-1251.54,20812.36,42151.25,19181.78,2917.0
2023-05-29,0.509082,4581.73,11886.43,52701.89,17870.05,2763.0
2023-06-05,0.390046,3510.41,55106.28,58186.55,24108.2,3376.96
2023-06-12,0.111156,1000.41,60602.03,56386.82,19675.11,3627.81
2023-06-19,0.659706,5937.35,66544.23,65430.84,16879.6,3057.26
2023-06-26,0.826139,7435.25,80443.93,64662.27,19462.22,3499.37
2023-07-03,1.437279,12935.51,77061.12,60528.33,23366.67,2159.54
2023-07-10,1.188453,10696.07,79217.9,50618.48,22917.64,2523.4
2023-07-17,1.548237,13934.14,78984.42,59896.73,27136.37,2423.46
2023-07-24,1.929335,17364.01,49541.16,57722.45,26838.79,3190.15
2023-07-31,0.604804,5443.23,29399.94,52434.88,27659.2,3280.49
2023-08-07,0.27226,2450.34,17248.64,52122.25,19539.05,2630.99
2023-08-14,-0.198666,-1787.99,9824.29,46354.13,18439.01,2084.3
2023-08-21,-0.003321,-29.89,5135.61,46759.54,15481.17,2253.72
2023-08-28,-1.010422,-9093.79,54975.54,40921.1,17398.47,4171.72
2023-09-04,-1.40013,-12601.17,78414.11,44693.48,19401.5,4065.55
2023-09-11,-0.266576,-2399.19,79887.42,49828.74,17541.55,2835.23
2023-09-18,0.382481,3442.33,87264.15,60640.73,17089.09,4151.26
2023-09-25,-0.301826,-2716.43,82346.96,61072.86,30529.16,3180.95
2023-10-02,-0.689038,-6201.34,91376.59,62471.68,26406.71,2556.01
2023-10-09,-0.805756,-7251.8,100344.19,59953.78,30127.32,3011.25
2023-10-16,-0.54568,-4911.12,98563.81,55305.39,34183.4,3227.96
2023-10-23,-0.506172,-4555.55,62778.35,53272.69,22986.46,3955.37
2023-10-30,-0.391604,-3524.43,37896.99,53672.69,20359.46,3678.44
2023-11-06,-0.935392,-8418.52,22363.36,59988.98,17707.35,3092.31
2023-11-13,-1.002987,-9026.88,12731.39,52967.71,14568.39,4030.91
2023-11-20,-1.398276,-12584.48,7113.94,60732.12,18025.12,3283.15
2023-11-27,-1.161483,-10453.35,3474.29,57524.67,19520.53,3366.83
2023-12-04,-0.132503,-1192.53,1197.0,58323.91,17490.42,3357.13
2023-12-11,-0.678038,-6102.34,0.0,59786.53,20082.77,2894.54
2023-12-18,-0.789208,-7102.87,34387.62,57242.03,17884.11,2629.52
2023-12-25,-0.279262,-2513.36,70368.03,59063.3,20229.42,2753.37
2024-01-01,0.391478,3523.3,80659.05,64232.04,16331.38,3347.35
2024-01-08,0.934117,8407.05,87017.56,69933.26,16231.73,2246.7
2024-01-15,1.458699,13128.29,85229.47,76621.07,22040.69,3683.7
2024-01-22,0.054465,490.18,88709.23,68406.56,31374.57,3021.55
2024-01-29,0.227892,2051.02,81717.24,74273.39,27586.92,4101.46
2024-02-05,0.124216,1117.94,79085.66,73741.36,24037.87,3765.1
2024-02-12,0.156159,1405.43,49070.09,70420.3,26231.33,3109.17
2024-02-19,0.994488,8950.39,29054.08,78140.64,22980.43,3154.51
2024-02-26,1.466235,13196.12,16827.89,90336.55,20696.04,4237.02
2024-03-04,1.001296,9011.66,9397.74,77427.03,17933.88,3321.49
2024-03-11,0.895699,8061.3,37413.93,79621.66,21066.85,3055.7
2024-03-18,0.590432,5313.89,59328.0,79529.2,17767.67,2274.97
2024-03-25,0.018936,170.42,70524.76,71368.01,15452.71,3320.47
2024-04-01,-0.060142,-541.27,71034.71,67832.77,18364.04,3800.87
2024-04-08,-0.330372,-2973.34,77868.84,67946.49,14313.55,3370.83
2024-04-15,0.075606,680.46,48776.05,71648.32,13542.55,3972.31
2024-04-22,-0.188165,-1693.49,29742.35,68134.51,14177.58,3362.59
2024-04-29,-0.416456,-3748.1,17951.15,67031.06,13186.14,3843.51
2024-05-06,0.00568,51.12,10242.63,60448.46,21343.3,3591.07
2024-05-13,1.032397,9291.57,5486.15,63218.57,14352.72,2974.83
2024-05-20,1.039688,9357.19,55113.11,68814.38,12325.72,4012.31
2024-05-27,1.547264,13925.38,66469.5,58606.0,15599.71,4769.32
2024-06-03,1.739316,15653.84,67651.05,55573.33,17049.53,4100.59
2024-06-10,1.158583,10427.25,72076.57,60100.89,20214.33,3437.92
2024-06-17,0.130093,1170.84,73080.76,46004.25,18840.39,4163.45
2024-06-24,-0.569017,-5121.15,85459.02,45314.63,16539.91,4416.54
2024-07-01,-0.926423,-8337.81,84034.27,45155.47,20129.64,4248.12
2024-07-08,-0.499925,-4499.33,85544.59,47984.48,15682.95,3422.83
2024-07-15,-0.997402,-8976.62,53278.16,39817.56,17579.4,3095.47
2024-07-22,-1.164097,-10476.87,32005.23,34491.95,16362.2,3003.54
2024-07-29,-0.903553,-8131.98,18838.15,47068.58,18200.8,2913.19
2024-08-05,0.250334,2253.0,10766.05,56562.83,17296.09,2094.93
2024-08-12,0.104174,937.56,5931.98,62347.82,17975.55,3214.0
2024-08-19,0.266318,2396.86,2780.65,53456.05,20857.43,3961.25
2024-08-26,0.629818,5668.37,41936.11,54814.82,18339.26,4811.55
2024-09-02,0.612651,5513.86,65882.11,52108.26,15953.96,3486.07
2024-09-09,0.606628,5459.65,87605.83,70310.75,15304.56,4241.26
2024-09-16,-0.575772,-5181.95,92444.98,61402.91,16084.12,4561.66
2024-09-23,0.149687,1347.18,101395.08,57546.84,25153.38,3219.96
2024-09-30,0.842956,7586.61,97053.28,63560.35,24057.12,3841.96
2024-10-07,-0.120709,-1086.38,62446.52,56994.99,20388.77,2836.21
2024-10-14,0.096301,866.71,38491.7,60445.18,18073.1,3639.27
2024-10-21,0.889951,8009.56,22638.12,69726.33,17234.78,4365.46
2024-10-28,1.989886,17908.97,12892.38,79420.53,19024.42,4403.49
2024-11-04,0.52924,4763.16,6833.54,66948.39,18584.41,3804.9
2024-11-11,-0.465001,-4185.01,3349.82,49192.52,16262.65,4710.53
2024-11-18,0.563656,5072.91,1111.1,52663.1,19187.32,3945.3
2024-11-25,-0.800762,-7206.86,0.0,60901.97,19089.94,4174.98
2024-12-02,0.698414,6285.72,43238.5,64009.15,19921.15,5313.19
2024-12-09,1.596199,14365.79,69351.28,62549.71,15317.74,4464.6
2024-12-16,3.026698,27240.28,87484.17,98498.38,18227.69,4244.8
2024-12-23,2.00231,18020.79,84433.48,83228.61,18698.87,4503.21
2024-12-30,2.628316,23654.84,79442.44,80211.11,15765.97,4110.38
2025-01-06,1.950939,17558.45,49856.22,89712.36,18925.37,3809.7
2025-01-13,0.331385,2982.46,30423.64,81585.06,14937.17,3112.65
2025-01-20,-1.083752,-9753.77,18367.42,64549.54,15658.84,3936.55
2025-01-27,0.061629,554.66,10307.0,67881.31,15855.13,3537.97
2025-02-03,-0.110613,-995.52,50777.75,76241.47,20135.9,3352.3
2025-02-10,0.286817,2581.35,66375.77,69788.75,22121.96,4655.95
2025-02-17,-0.307049,-2763.44,85551.86,66740.91,16634.21,4069.42
2025-02-24,-0.089302,-803.71,93684.51,68525.55,17432.28,4118.97
2025-03-03,0.364432,3279.89,59958.16,84846.55,24061.38,4873.03
2025-03-10,0.630769,5676.92,36876.86,77816.32,18070.85,4636.75
2025-03-17,0.46021,4141.89,22329.06,74854.87,18932.93,4534.86
2025-03-24,0.733759,6603.83,13441.93,82794.63,16258.14,4241.48
2025-03-31,1.179777,10617.99,7290.32,84781.9,17566.88,3666.3
2025-04-07,0.886353,7977.18,52739.18,76400.95,19687.97,4680.57
2025-04-14,1.284012,11556.1,72632.7,77086.36,19416.51,3933.86
2025-04-21,-0.377184,-3394.65,84001.04,62784.73,18378.62,3475.79
2025-04-28,-0.049364,-444.28,80683.68,56873.35,15435.63,3041.17
2025-05-05,0.370522,3334.69,50712.82,58774.51,19507.47,4280.68
2025-05-12,0.375658,3380.92,30965.03,59154.53,20947.13,4481.8
2025-05-19,-0.827098,-7443.88,18698.47,54774.43,20471.76,4388.95
2025-05-26,-0.31075,-2796.75,11245.16,54810.84,18364.99,3352.72
2025-06-02,-0.12389,-1115.01,5903.57,56676.05,15932.49,4793.74
2025-06-09,0.29495,2654.55,2782.31,59071.75,18374.23,4218.87
2025-06-16,-0.151484,-1363.35,902.29,48694.34,15580.14,4288.51
2025-06-23,-1.029612,-9266.51,48984.33,38296.57,14277.57,4637.16
2025-06-30,-0.227327,-2045.94,77688.84,52182.43,15804.67,3617.76
2025-07-07,-0.661054,-5949.48,84913.45,36465.78,18552.47,4444.95
2025-07-14,-1.793657,-16142.91,82609.54,40669.2,14277.32,4831.43
2025-07-21,-1.67454,-15070.86,92237.01,43996.38,12900.91,5036.8
2025-07-28,-1.826019,-16434.17,58901.7,47516.84,17142.67,4330.89
2025-08-04,-1.369368,-12324.31,36194.49,44292.63,16807.97,3553.26
2025-08-11,-1.09197,-9827.73,21908.44,41070.05,16417.88,3968.0
2025-08-18,-1.156717,-10410.45,59188.84,42952.45,17060.41,4945.18
2025-08-25,-1.544356,-13899.21,79185.41,42039.63,16446.27,4001.45
2025-09-01,-0.856946,-7712.51,89571.91,50170.1,16627.62,4391.48
2025-09-08,-0.217255,-1955.3,94700.69,54665.62,16035.61,4276.72
2025-09-15,0.325748,2931.74,95273.49,58975.04,14079.14,4197.85
2025-09-22,0.012933,116.4,103825.45,59424.43,13628.59,4670.21
2025-09-29,0.729879,6568.91,106534.47,58660.38,19145.04,3897.43
2025-10-06,-0.129246,-1163.22,97916.82,57919.5,19006.17,4078.56
2025-10-13,0.393143,3538.29,62367.03,66574.28,15750.0,5258.67
2025-10-20,0.802345,7221.1,37653.65,66240.66,16046.77,4774.62
2025-10-27,1.435165,12916.49,22013.83,64338.72,19749.53,4200.86
2025-11-03,0.311703,2805.32,12467.67,63370.02,16669.66,4647.91
2025-11-10,0.388389,3495.5,6754.91,68079.75,19456.33,4994.64
2025-11-17,-0.0074,-66.6,3134.14,65510.97,16186.88,4499.0
2025-11-24,-0.127331,-1145.98,1015.5,61114.57,20677.23,4683.58
2025-12-01,-1.407798,-12670.18,36619.25,60121.14,18176.45,4847.32
2025-12-08,-1.41251,-12712.59,53590.87,53862.29,14392.17,4916.97
2025-12-15,-0.492878,-4435.9,71620.53,61592.18,16912.74,5134.67
2025-12-22,-0.915689,-8241.2,79497.89,64558.11,16497.9,5491.14
